"CNTY_ID","CNTY_NAME","NC_REGION","ACSTOTPOP","PEOPCOLORPCT","LOWINCPCT","UNEMPPCT","LINGISOPCT","LESSHSPCT","UNDER5PCT","OVER64PCT","LIFEEXPPCT","PM25","OZONE","DSLPM","CANCER","RESP","RSEI_AIR","PTRAF","PRE1960PCT","PNPL","PRMP","PTSDF","UST","AREALAND","AREAWATER"
1,"Alamance County","Piedmont",165918,39.0081584364486,36.3883394570093,5.57786175607477,2.42805237570093,14.2614694915888,5.33588479065421,17.8816298271028,20.5808770728972,7.86951844909346,60.4736508411215,0.174078613084112,30.6542056074766,0.358878504672897,329.260038771963,79.5814385855047,26.2704172439252,0.0184642949626168,0.212122983915888,0.360344821102804,8.48250674763551,1088695902,27879028
2,"Alexander County","Piedmont",36491,15.217635248,36.058442432,3.815951252,0.235617636,14.413594296,5.446379828,21.250089276,20.873846144,8.0931699946,60.6858892,0.10255614136,27.6,0.3,2024.897148012,8.95641,16.82290374,0.03814158804,0.09585539044,0.15509890792,0.60028557988,673358184,9445988
3,"Alleghany County","Mountains",10910,13.0664283,46.8582271363636,4.42007605454546,1.32409732727273,20.4182843272727,3.77908401818182,28.4205172727273,19.1048951,6.73204433363636,57.5683918181818,0.0567744107272727,20,0.2,19.5825270681818,0.563297168545455,14.3500533909091,0.0496987149090909,0.0428564257272727,0.0422433452727273,0.693610812818182,608220280,3687222
4,"Anson County","Piedmont",22388,54.489861285,44.619617375,6.64086143,0.60962636,16.06066751,5.092957335,19.156436735,22.94871794,8.08854545205,61.2136575,0.1059618067,30,0.4,218.429771856,29.0296110542,27.06351887,0.0444066972,0.1501931618,0.0605445633,1.33415917385,1376478143,14603213
5,"Ashe County","Mountains",26598,7.80926620384615,39.6441161576923,4.85162796153846,1.48557570769231,12.9277097961538,3.41070197307692,27.1376176538462,19.8658777153846,6.41033960919231,57.6968046153846,0.0567429468076923,20,0.2,5.68799204884615,0.574707993115385,17.5343867692308,0.0875244242307692,0.0268254475,0.252388357730769,0.907781666038462,1104018852,8062960
6,"Avery County","Mountains",17747,9.7908681625,40.60426779375,5.41238864375,0.65582235625,13.130004375,3.79803403125,23.42146784375,19.0192307625,6.1755449674375,57.95608125,0.0483912389375,20,0.2,599.76157835625,4.253522044,20.27057475,0.0164138839375,0.025601460375,0.0465163854375,0.7616075290625,640602137,445285
7,"Beaufort County","Coastal Plain",40336,31.0847484529412,35.4441577882353,7.16041966176471,1.22752389411765,12.53714135,4.71677892058824,24.65215365,22.7601809941176,6.34616183732353,59.3991738970588,0.0892645214705882,20,0.273529411764706,1633.74916234118,37.3356002453529,22.7485537441176,0.170465452558824,0.0472671667647059,0.0318034288529412,1.60173973226471,1920005546,228137440
8,"Bertie County","Coastal Plain",15489,59.19940864375,42.18732720625,7.816541875,0,19.64068090625,3.14918918125,26.906647575,19.96153846875,6.7175261641875,58.068610625,0.071208402875,20,0.3,890.33665830625,5.98300141675,21.74900951875,0.01741382275,0.038148898375,0.0562173720625,0.9532730265,1557689498,70810313
9,"Bladen County","Coastal Plain",30105,47.0405058533333,49.3399348366667,6.42958669333333,1.72563389333333,16.01212486,5.36654055,23.8645998,20.90256411,6.58149144293333,59.7706116666667,0.0783947420333333,24.3333333333333,0.3,102.769436567,2.09508983473333,18.5931112733333,0.0252695210333333,0.185225106233333,0.1620720881,0.8038194345,2266321541,33022256
10,"Brunswick County","Coastal Plain",115434,16.633851669,27.945743329,5.969458203,0.614115837,8.191171875,3.389826474,33.616996935,20.210256422,5.69971169733,59.4653505,0.09698999683,20.5,0.273,645.8441601543,18.14583659024,4.313563433,0.07506445067,0.12405602903,0.16456390527,1.25973732684,1990623827,71910265
11,"Buncombe County","Mountains",248054,16.8990560608974,31.2995334679487,3.18604834230769,1.97326576282051,7.98050939615385,4.45396814038462,20.7725700685897,19.9815910621795,6.55630130134615,58.941591025641,0.154354488608974,24.4230769230769,0.280128205128205,539.321193444167,105.925850322308,25.4703537358974,0.155676933108974,0.214073155833333,0.604582344275641,3.53548156976282,1507501016,8238164
12,"Burke County","Mountains",82041,19.0490019482759,39.7522513931034,6.53707293103448,2.18133387068966,17.6252258637931,4.47446807068965,20.8425970017241,21.0044208758621,7.53624189608621,59.4414032758621,0.136781666189655,29.3103448275862,0.353448275862069,2179.71040838103,41.5430596533103,21.7141062965517,0.0186559817413793,0.399333308689655,0.207156817931034,2.22664432205172,1281979637,19362605
13,"Cabarrus County","Piedmont",221200,35.8989782616667,27.4869773766667,5.45216920333333,1.60375104666667,10.2920785808333,5.85431122916667,14.4257823883333,20.4529914475,9.04482571455,66.3550199166667,0.235555289658333,30,0.393333333333333,3293.9213331,63.77336436775,20.9195467066667,0.200037131108333,0.371432438258333,0.247652879308333,2.70560622506667,935587398,6985702
14,"Caldwell County","Mountains",75245,11.6778766035088,38.8009053263158,5.2853889122807,0.87914797368421,18.7394498315789,4.99565498947368,21.1979765210526,22.2672064824561,7.47796515640351,58.9343666666667,0.115709828315789,28.0701754385965,0.331578947368421,2184.49826975965,27.655529468386,20.5004225192982,0.0203316970526316,0.532321106157895,0.751564282982456,2.02722868252632,1214014174,7052759
15,"Camden County","Coastal Plain",10353,20.06899756,30.20862208,5.94060122,0.94630892,11.01950274,4.08279008,17.83292196,17.025641,6.3013036164,57.379922,0.0739505058,20,0.2,9.227738078,5.3424825528,18.44409994,0.0199293758,0.1302630256,0.1229361994,0.4196402494,622438924,76671345
16,"Carteret County","Coastal Plain",63881,14.8332116928571,26.4511332410714,5.05170936428571,0.597419871428571,8.08933799107143,4.1622017875,25.8812661946429,19.7985348017857,5.41633554308929,58.7187223214286,0.0797225640892857,20,0.2,34.72969234125,48.921676290875,14.2520918892857,0.045548232625,0.0233871496785714,0.04470779325,2.33871886030357,1226371011,645948838
17,"Caswell County","Piedmont",22785,39.8301255944444,29.83900655,5.3703839,0.772858866666667,18.6068817222222,4.85873917222222,21.9684143888889,22.4558404444444,7.72308288138889,58.6703283333333,0.1064111605,30,0.3,319.521836416667,4.65391785927778,23.3801046111111,0.0280468682222222,0.0746304271666667,0.0905039972777778,0.528803976444444,1101694783,8641803
18,"Catawba County","Piedmont",153897,26.2807818315789,34.2394636347368,5.99519674736842,2.19940060842105,13.91629794,5.4903745768421,18.1792487715789,21.9616734252632,8.5157224696,62.9987809473684,0.181076852768421,30.9473684210526,0.406315789473684,19906.4380375368,57.5500767937474,19.56384624,0.0431098990842105,0.549243313063158,0.781972735852632,3.54354477948421,969181619,35003856
19,"Chatham County","Piedmont",70430,28.4876151037736,27.7686708490566,2.98050186037736,3.02455539622642,11.9854297566038,4.35523564150943,25.7390161320755,16.1761006283019,8.18776333933962,60.1258060377358,0.125650945301887,30,0.360377358490566,222.653608295472,18.2536163438679,12.3458002113208,0.0347379995283019,0.182365529264151,0.0834360767358491,1.58372572311321,1686837596,69255087
20,"Cherokee County","Mountains",28515,10.818829162963,40.2218865777778,3.81544623333333,0.295639233333333,10.5749211074074,3.23648634074074,32.4176639592593,21.591642937037,6.94987777877778,59.7793544444444,0.0665260554814815,24.8148148148148,0.281481481481481,8.52549877555556,11.5950918775926,9.79525016296296,0.0113663191481481,0.0177995618518519,0.12101827162963,0.459280249148148,1179845613,28813485
21,"Chowan County","Coastal Plain",13796,41.6651690833333,38.5039554,7.81971693333333,1.46290148333333,15.2307167083333,5.107027975,26.872056375,20.8034187833333,6.47329374433333,57.3741733333333,0.0796041848333333,20,0.2,1145.73642161667,4.08262587275,24.2143530083333,0.0141778554166667,0.0234723995,0.234475544666667,2.35442643425,447179939,61867912
22,"Clay County","Mountains",10997,7.7423322875,35.87433345,2.7146326125,0.3202826625,10.6852006,4.67680175,31.0462578125,19.7948718,6.828490315,59.6735,0.055916079,20,0.25,0.0142931975,2.00094600075,10.9987096875,0.01239466825,0.018207686125,0.07819565775,0.30202776725,556804503,15017755
23,"Cleveland County","Piedmont",96412,28.668485556,42.4061619413333,7.06734490133333,0.467660006666667,13.3129449813333,5.24526507866667,19.0507759773333,23.4502564226667,8.4216221012,63.7950337333333,0.16769050244,30,0.365333333333333,1098.41137163467,45.1085667790267,22.279799676,0.107431934373333,0.283233698786667,0.219927361493333,2.4203004,1103532873,10162906
24,"Columbus County","Coastal Plain",51474,39.6702390041667,48.02229296875,5.429309225,1.46214553333333,15.1693068875,4.96570679375,21.4177309895833,24.4038461479167,6.39783743041667,59.4226025,0.0815090791041667,20.625,0.30625,243.643705376667,14.104584662125,22.0420346625,0.0377062129166667,0.0564328543333333,0.0439637969583333,1.0587618088125,2429722353,43711694
25,"Craven County","Coastal Plain",94246,36.5523585641791,36.1304087313433,5.6829445,2.07872235820896,11.1746368,5.53319524179105,21.0714968970149,21.8369689925373,6.00453387374627,58.5724549253731,0.105129957074627,20,0.274626865671642,561.882326553284,50.5798626796269,19.6282667865672,0.0730816045970149,0.167329773253731,0.268752998835821,7.59838483361194,1784740417,152714858
26,"Cumberland County","Coastal Plain",303759,60.4619792198068,42.7163897135266,8.60599454492754,2.14470061304348,9.23680111062802,6.94789942560386,14.121120994686,22.6622073560386,7.59901068440097,60.5997276328502,0.167924037956522,30,0.333816425120773,1034.418573257,104.764409183068,11.0385162198068,0.179443464855072,0.207289898183575,0.250825238405797,3.41931144404348,1508956718,14363725
27,"Currituck County","Coastal Plain",26356,15.5843352666667,23.21829432,2.32018214666667,0.600136346666667,8.50254625333333,5.03115769333333,15.9084154266667,21.9282051266667,6.2217331688,58.9184613333333,0.081847243,20,0.2,6.14765485066667,4.402262442,10.43373432,0.0207347772,0.038870282,0.0412982193333333,0.6720441502,609482895,285130648
28,"Dare County","Coastal Plain",33198,13.6674876818182,20.7014623545455,6.54271937727273,1.31373265,4.39760335,3.50357969090909,23.6380633818182,19.1468531363636,5.80235626390909,61.1317627272727,0.0885457009545455,20,0.2,4.36640909090909e-05,65.9018330759545,7.27526089545455,0.00961327959090909,0.017408644,0.0194467679545455,2.57515886622727,906393219,358569013
29,"Davidson County","Piedmont",157388,21.8224180472222,39.7520753194444,5.93809044537037,1.45216935740741,15.2479302722222,5.46708622777778,18.8238637990741,22.1889838481481,8.87472563191667,61.8638660185185,0.182096927972222,30,0.372222222222222,4467.28098231944,44.6366215196019,21.720751837963,0.0259232937592593,0.250807915157407,0.522501127222222,5.04933459273148,1323649505,19073190
30,"Davie County","Piedmont",42543,16.4388469555556,29.8789121703704,5.14116974074074,0.740693688888889,11.1214875851852,4.85331719259259,21.4207469592593,20.3950617333333,8.8846309487037,62.730372962963,0.145843256,30,0.3,2036.75530066667,20.2680039582593,19.7959801851852,0.0396930933703704,0.182324934851852,0.0932436519259259,1.64785981414815,682977540,7511429
31,"Duplin County","Coastal Plain",45222,47.1823800307692,42.5113908096154,6.845349575,6.107811975,19.2701223942308,6.04710443269231,20.0069936826923,18.394477325,6.52845831938462,59.4480840384615,0.082043132,20,0.3,186.905595586346,8.66307027715385,19.4370048057692,0.0181880052884615,0.196008376480769,0.0564293693846154,1.48228694813462,1968243775,13735014
32,"Durham County","Piedmont",283305,53.7691540320755,30.7557672023585,4.7199812009434,4.7752846509434,10.9273885367925,5.97750983254717,15.2697658183962,19.1103047891509,8.25570601579245,60.7082967924528,0.208079769900943,30,0.388207547169811,533.989536718868,135.574188100613,16.6431809273585,0.0739234599198113,0.210186361608491,0.929695302731132,5.35044067482547,652469424,24258015
33,"Edgecombe County","Coastal Plain",49609,65.7617540957447,47.2903953595745,8.63446972978723,0.843138514893617,15.4826531446809,5.00446274893617,21.6899223212766,22.2956901340426,7.39516167289362,59.9994963829787,0.125683912319149,23.6170212765957,0.3,171.094309659362,41.2614869549787,27.5845061595745,0.0156942456808511,0.512009907276596,0.177597982978723,4.95022323002128,1309074148,3705924
34,"Forsyth County","Piedmont",360765,45.6989277781513,36.323350594958,5.58439232394958,2.57838411512605,12.000305292437,5.67223017605042,16.9313526092437,20.6145227264706,8.64272536542437,61.7726407563025,0.209304976777311,30,0.341176470588235,25194.3019638866,100.157583592634,22.2537487533613,0.0269725630756303,0.242155120705882,1.10856883694538,7.08370203022689,1033279957,11429029
35,"Franklin County","Piedmont",67598,39.3094300487805,35.6150482560976,6.65935078536585,1.91804709268293,14.1903139829268,5.19897729268293,18.4119798902439,20.7004377682927,8.04540167707317,60.2099634146341,0.114649150707317,30,0.304878048780488,245.88728179561,13.3197831280976,15.3469997609756,0.029015717,0.14000314095122,0.0619965812682927,1.02280755434146,1273761673,7173998
36,"Gaston County","Piedmont",200977,27.5754254468208,35.7866760312139,5.95004556531792,1.51784158265896,13.7657661225434,5.58591871791907,17.1066423248555,23.0277160179191,8.94085948847399,67.2984876878613,0.209274233647399,31.1560693641619,0.398843930635838,3022.62905683699,97.4444811798035,24.7691101433526,0.317742951815029,0.629569662803468,0.68662943716763,4.24462153325434,847870227,17062091
37,"Gates County","Coastal Plain",10584,38.62002355,32.1260151,11.08618478,1.14410638,10.26320772,3.87281813,21.70481837,20.25641028,6.8362969038,56.444651,0.0823537285,20,0.3,379.8693215,2.5711166175,19.91928706,0.0220305571,0.0390186098,0.0760519107,0.4821706607,882181709,13292008
38,"Graham County","Mountains",8089,13.2190303777778,41.8731205,5.32926926666667,1.738499,17.6358832,4.51305093333333,25.1214930777778,23.8062677666667,6.52031185711111,59.40721,0.048250912,20,0.2,2.58984732555556,8.900530244,12.8549840555556,0.0158726813333333,0.0203312793333333,0.0721544401111111,0.851672268666667,756189029,25057776
39,"Granville County","Piedmont",57488,42.7215499416667,35.8752356166667,6.56882863333333,1.2047011,13.4600394027778,4.76922709444444,18.215861225,20.0085470138889,8.02320144586111,60.1209438888889,0.132277251416667,30,0.330555555555556,369.589287555556,26.10667819725,18.4438027833333,0.286006622111111,0.0547675286666667,0.302640516222222,2.173232654,1361816536,14477643
40,"Greene County","Coastal Plain",20524,52.9106827,48.4369198642857,6.21968380714286,2.94241609285714,21.9879291428571,5.16888967142857,17.6099825214286,21.2380952214286,7.09758933478571,61.0002878571429,0.0911428110714286,20,0.3,121.298563635714,2.022701724,18.1224855928571,0.0183205982142857,0.0516000072142857,0.0686717245,1.35208606892857,690838977,1229492
41,"Guilford County","Piedmont",500156,51.0203546544025,36.4481778566038,5.46059518993711,2.59309827704402,11.4436587169811,5.90600678522013,15.8021920349057,19.9858087371069,8.15207038145283,61.6482005660377,0.212004507572327,30.5345911949686,0.380817610062893,6524.7134710761,139.313522630692,23.5469955374214,0.0139591723176101,0.532768876666667,1.80898492016667,6.14016506829245,1589480013,26912872
42,"Halifax County","Coastal Plain",44067,60.6800848444444,50.1655358866667,7.81046193333333,0.410867504444444,19.0309796266667,5.39159594222222,23.1297621777778,22.5663817822222,7.58349181113333,57.2636546666667,0.139922091733333,27.1111111111111,0.328888888888889,5360.16201280667,28.8314286910889,31.7560825911111,0.0123069106666667,0.108746130644444,0.151511046,3.11015640462222,1606042499,10051689
43,"Harnett County","Coastal Plain",123905,37.9809425142857,36.1727343793651,6.00412831111111,0.85138803968254,12.4817351507937,6.09004498253968,14.9082013809524,21.3561253666667,7.95716380522222,60.0148333333333,0.123789851349206,30,0.3,210.96117820619,30.7120512196032,14.4376690492063,0.031038569031746,0.157983036269841,0.0504664463492063,2.37764953977778,1474364425,16071711
44,"Haywood County","Mountains",58196,7.64039394693878,33.6883640530612,3.46209428979592,0.688241385714286,11.1734198612245,3.76574170408163,25.7471585591837,20.895866044898,6.34998875244898,58.5683102040816,0.0722851551632653,20,0.214285714285714,862.932103583061,45.3578210350204,25.1187132489796,0.295563334183673,0.313899432285714,0.110632218142857,2.00551071565306,1169582006,2438478
45,"Henderson County","Mountains",101518,17.1211723046875,29.1816956484375,3.878094540625,2.4295957140625,8.7203786140625,4.7953865484375,26.40960591875,18.8237179484375,6.83293796629687,60.1982775,0.121627963890625,24.84375,0.29375,329.897000058125,52.1997840474219,13.954033725,0.165910451265625,0.203543791671875,0.38003421559375,1.8998136911875,735845510,4176113
46,"Hertford County","Coastal Plain",22010,67.23873831,43.982162935,7.442629065,0.51084753,16.69103884,4.117414335,20.912407115,21.4,7.04092700005,56.9770395,0.0921404563,20,0.3,1064.25702978,1.86124296135,26.52283048,0.014695063,0.053964264,0.15891372905,3.71871936545,914689325,18737418
47,"Hoke County","Coastal Plain",52144,64.3669596757576,40.4985178212121,6.96446327575758,1.91056672424242,13.1658713636364,7.40193579393939,12.592738069697,21.6627816606061,7.6347283519697,60.8415806060606,0.117742801818182,30,0.336363636363636,90.3557167351515,18.011333138,8.14553621212121,0.0823521962727273,0.269188382363636,0.0541548569393939,1.30739720818182,649513819,2585483
48,"Hyde County","Coastal Plain",536,4.8507463,36.5671642,0,0,2.739726,7.6492537,18.0970149,19.2820513,5.656783836,56.62559,0.051942647,20,0.2,954.162811,0.011336718,0,0.019666329,0.02807979,0.02158082,0.019374763,381380257,25305696
49,"Iredell County","Piedmont",165305,24.8711349327273,27.4316835336364,5.23403594818182,1.94065733636364,10.2858150054545,4.91208453818182,16.8835767790909,21.1431235472727,8.87156273219091,65.2444569090909,0.193232186427273,29.3636363636364,0.372727272727273,1361.82584384909,40.5019049578455,15.5813148563636,0.169919078818182,0.349353083245455,0.238763129763636,2.40764978137273,1393536300,57116346
50,"Jackson County","Mountains",42983,21.8355526962963,42.6070296407407,6.82335651111111,1.46453179259259,10.1991777111111,4.5484091962963,21.0849310444444,20.1937321814815,6.43762664637037,59.282342962963,0.0620392765185185,20,0.225925925925926,19.4150770940741,29.0903645282963,15.9036857851852,0.061921265037037,0.14345309537037,0.0278556432962963,1.07335074281481,1271968590,9746824
51,"Johnston County","Coastal Plain",205130,32.8985622697368,33.0802367157895,4.04194323289474,1.89453659671053,11.8490632927632,5.78141422894737,14.9700862671053,20.3286099881579,8.04391654453289,61.3048728289474,0.146949503848684,28.0263157894737,0.305263157894737,105.597976957039,34.3766700214539,13.0226632276316,0.0270139211447368,0.360843312618421,0.210531950388158,1.76323972966447,1747061232,7451793
52,"Jones County","Coastal Plain",9326,37.7477698285714,45.5801469571429,6.50984252857143,0,15.8643520857143,4.14240128571429,22.7077308857143,20.2783882857143,6.14889123285714,58.8816471428571,0.0664069702857143,20,0.3,146.218310024286,12.784520604,20.1846804428571,0.0301700151428571,0.0454490567142857,0.05599951,0.204906703,1220836958,6031825
53,"Lee County","Piedmont",62676,43.8702615675,37.399299805,5.5581199775,3.5926696225,15.51293651,6.28064484,16.5210034825,22.0358974325,8.1279235274,59.34872025,0.134268356625,30,0.3975,103.91475806575,48.96884804265,17.3481219225,0.024345694275,0.2982098599,0.555542195775,4.60749613095,660607453,10725289
54,"Lenoir County","Coastal Plain",54406,54.7163119957447,49.9525964042553,9.72848559361702,1.66871178723404,20.372256312766,6.07788939148936,20.5604672425532,23.4980905595745,6.74485879338298,60.401020212766,0.102280647957447,20,0.3,446.509830378723,31.872820799234,26.1336326978723,0.0180251024893617,0.162945806680851,0.218078438659574,10.2600454567021,1032688220,5900299
55,"Lincoln County","Piedmont",85670,17.3583845313726,31.2263125039216,5.09219170588235,1.89158178235294,12.2820924392157,5.62365453137255,18.2089993568627,21.2086475607843,8.78334445872549,65.3131664705882,0.16336665154902,30,0.388235294117647,2437.34128221765,30.1784806092157,16.1764455960784,0.0409077058431373,0.164101094333333,0.287256301843137,2.17525038043137,766239897,23350160
56,"Macon County","Mountains",36532,11.1807432035714,38.4198828142857,5.17260085357143,0.806529485714286,12.1242637821429,4.17283921428571,30.1807347214286,20.7362637428571,6.5565909815,59.8800864285714,0.06525926075,20,0.275,0.491643053571429,25.3297640181429,16.2966096392857,0.0231071926785714,0.0305486421428571,0.0221028221428571,1.20956813957143,1335344502,10604264
57,"Madison County","Mountains",21269,6.08139408823529,34.2357359941176,2.96671929411765,0.0184689235294118,10.7001370411765,4.8232443,24.2790737470588,19.4751131235294,6.39236719570588,58.2393494117647,0.0707510666470588,20,0.223529411764706,852.447098464706,7.56120613623529,22.3697037470588,0.0335412045882353,0.110314470352941,0.092856534,0.404810442470588,1164498325,4840167
58,"Martin County","Coastal Plain",20142,47.0470396473684,41.1838527105263,9.51970976842105,0.906591852631579,15.4004638684211,5.46085442105263,22.5303820315789,21.3225371052632,6.71455989915789,59.5686736842105,0.0885808307894737,20,0.3,324.527628925789,25.823209359,26.0178942842105,0.0337545823684211,0.0281795126315789,0.0374332008421053,7.64859139694737,831591790,572621
59,"McDowell County","Mountains",44527,12.8403617090909,36.3722787393939,6.24661008181818,0.921274063636364,14.4413026636364,4.65001784242424,21.0794876757576,21.3302253272727,6.74717726272727,59.1363912121212,0.100515284181818,23.030303030303,0.3,95.7950082560606,29.1779686840909,21.058795969697,0.0275346869090909,0.186519105575758,0.176982535666667,1.84847190906061,1139476688,13977729
60,"Mecklenburg County","Piedmont",942044,52.9813938126894,27.2412704007576,4.66899484791667,4.92913589564394,9.67067030473485,6.32843802348485,12.6355155636364,19.3945221450758,9.13782514374242,68.9564642992424,0.308579294267045,31.1174242424242,0.429734848484848,7337.16560029545,181.907614780542,13.0353163030303,0.0656318429791667,0.501032226405303,1.1022926280303,5.92523678153409,1190525821,56446336
61,"Mitchell County","Mountains",12819,10.5015897111111,35.9332466222222,7.68853872222222,0.671047544444444,11.0601065444444,5.16557861111111,24.1348577222222,20.5811966,6.15640789966667,58.23962,0.0569142456666667,20,0.2,593.3663459,12.5474870057778,26.7572411777778,0.0212246877777778,0.0354995857777778,0.257918285333333,0.773213218222222,329630288,555897
62,"Montgomery County","Piedmont",25891,34.4238996590909,38.5346977681818,3.37197218181818,1.49704474545455,18.6397165,4.99758413181818,22.1090340545455,21.8181818,8.1994765755,60.0166386363636,0.0978160478636364,30,0.4,573.668627445454,3.80929948104545,25.0000046363636,0.0244652108636364,0.248380047636364,0.0260581547727273,0.707306104,1273075627,25886753
63,"Moore County","Piedmont",87911,25.1457548848485,26.9563160318182,4.5976013530303,1.34320187272727,9.38126491818182,5.57938465606061,23.8482702333333,17.3100233090909,7.93542509751515,59.5091292424242,0.11397539830303,30.9090909090909,0.328787878787879,87.3639239162121,35.7197635086515,15.1517335090909,0.243503752015152,0.0835948003181818,0.0310758464393939,1.33496973148485,1633237341,15009594
64,"Nash County","Coastal Plain",94628,54.1175328625,35.5053948611111,6.86593396944444,0.564277111111111,12.8227075847222,5.36820770972222,19.3807796680556,21.7407407319444,7.70924528530556,60.0330044444444,0.159299098375,24.5833333333333,0.3,220.898664326111,55.0986801282917,20.0781123236111,0.014474656125,0.235536483638889,0.1083706555,4.97245540508333,1399742831,6174819
65,"New Hanover County","Coastal Plain",191854,23.7267503007813,31.0592127671875,4.2815995171875,0.96993497421875,6.6873113796875,4.633285934375,18.8083324023438,19.8525641046875,5.3596669225,58.90025515625,0.15318179246875,22.109375,0.43671875,2085.02971855859,126.037970404531,18.0659696132813,0.117932679585938,0.354407872914063,0.731217897492187,5.24465544236719,452554529,72108705
66,"Northampton County","Coastal Plain",17917,58.3758722478261,43.5629193130435,8.98050896956522,0.496972943478261,18.3678555826087,4.40988522173913,28.1633691695652,20.5217391391304,7.40467572373913,56.8360543478261,0.0956570206521739,24.7826086956522,0.3,816.98912553913,8.82952595513044,31.3890940434783,0.0121751543043478,0.120919520173913,0.152788722086957,0.362218339043478,1390049342,35874601
67,"Onslow County","Coastal Plain",167409,33.2279959457447,37.0547966680851,6.37908533404255,1.33508983404255,9.17044056382979,7.37853856914894,12.9375323170213,21.1391162085106,5.8199363812766,58.2796928723404,0.0982690688617021,20.4255319148936,0.281914893617021,232.301290851064,51.6293655642553,11.0055813223404,0.21090388587234,0.0809990574680851,0.111557257882979,2.9170769218617,1634684489,57626658
68,"Orange County","Piedmont",123112,30.3638364037736,22.6405055792453,3.46922899622641,1.95827255471698,6.62732005471698,4.30017721037736,17.1109952650943,18.3889695207547,8.06818752659434,60.2113999056604,0.16802610459434,30.377358490566,0.350943396226415,158.249221846038,80.4116702967547,12.0068169933962,0.038735021754717,0.124327749169811,0.344648965801887,2.93488594082075,1013577567,8626032
69,"Pamlico County","Coastal Plain",7332,21.6599153,32.29340319,8.58422701,1.8213013,11.5263522,4.21297425,26.65383099,15.63076926,5.7795198903,58.274443,0.0617593173,20,0.2,501.58470205,1.4768205633,13.68807586,0.0538313388,0.0542690623,0.0682938565,0.4582648269,488519818,86971846
70,"Pasquotank County","Coastal Plain",36882,48.7534976482759,33.3017818586207,7.33681415172414,1.2869794862069,12.6577876413793,5.46037448275862,18.7899908551724,21.7931034551724,6.32539700531034,57.1423244827586,0.107206779655172,20,0.23448275862069,18.4020602672414,66.1450812751035,28.7223557793103,0.0177569694137931,0.565983659862069,0.292373942413793,7.71181852275862,550619539,66157155
71,"Pender County","Coastal Plain",58238,26.5650458606061,29.8404651151515,7.69715403333333,1.23141766666667,11.3797788393939,5.04885952727273,18.4770712333333,20.7552447666667,5.55767001909091,58.6832909090909,0.0889446427575758,20.9090909090909,0.3,1977.89001626061,14.962885232,10.6132624969697,0.0374813263030303,0.0716599669393939,0.0625203788484849,0.494336333181818,2218394010,18933924
72,"Perquimans County","Coastal Plain",13002,30.5951682769231,31.0421665153846,4.88343513846154,0.468133423076923,14.5168127692308,4.96870545384615,24.6596080307692,20.7416173615385,6.38692027392308,57.1128107692308,0.0725810953846154,20,0.2,318.501321876923,11.6266862490769,16.4206355076923,0.0145065479230769,0.0434873639230769,0.0666240844615385,1.25315186107692,640173980,69515658
73,"Person County","Piedmont",38999,35.1465701269231,34.2911183615385,4.70202531923077,0.224017934615385,11.9168473423077,5.63239399230769,20.4273482769231,21.6607494961538,7.7799069545,59.51047782,0.114816372538462,30,0.3,375.853154638462,33.4945733705769,21.8374875038462,0.167003602730769,0.0753989014230769,0.158889797846154,2.82306900623077,1016154889,31205409
74,"Pitt County","Coastal Plain",152856,49.2457146836364,40.5661134881818,7.84946970818182,1.81446521090909,11.0937564454545,5.47963087545455,15.4715353390909,20.3300699209091,6.8927284932,60.6574063636364,0.137327213690909,20,0.3,371.783290352545,77.0830758325545,11.56333906,0.0367153477636364,0.0307762966272727,0.2603186562,7.28520366487273,1679810971,8100355
75,"Polk County","Mountains",19413,14.0776702,30.2599816555556,3.73451998333333,0.632728755555556,7.74986811111111,3.85162542777778,32.7814247111111,18.4159544055556,7.34325754938889,61.2489305555556,0.109358027055556,30,0.3,360.475366466111,18.5025981546111,22.8877398222222,0.057268202,0.0406158638333333,0.0651124661111111,0.739044763388889,615606322,1964035
76,"Randolph County","Piedmont",143735,21.1967950252525,38.0151172545455,4.60071823737374,1.54837508787879,15.847739330303,5.37743806565657,17.7657803888889,21.4245014242424,8.32487110315152,61.1720919191919,0.144645393070707,30.8080808080808,0.388888888888889,2158.03421433131,40.6848096047576,19.1553380979798,0.0158583357777778,0.187468908171717,0.331573869141414,2.31471940689899,2026237917,19758154
77,"Richmond County","Piedmont",37078,45.5277786114286,42.4171590742857,8.83432417714286,3.17034696,18.4630023857143,6.17460411142857,19.7753578657143,23.8857142685714,7.84083399614286,60.6460605714286,0.124648060171429,30,0.391428571428571,157.162026409714,37.4518195251429,20.5283432542857,0.105869023114286,0.265280100828571,0.1930612544,2.51605631542857,1214543242,15482591
78,"Robeson County","Coastal Plain",115872,74.7995104649485,53.600511,6.8236163927835,1.99806557525773,22.5671788969072,6.79284730103093,15.6951090876289,23.6119481824742,7.21433541307217,61.0384196907216,0.135884014731959,28.5567010309278,0.310309278350515,180.816264571753,29.4733262760515,18.5817809484536,0.0254727336907217,0.362833876216495,0.105407644453608,2.6880970368866,2421949563,5076395
79,"Rockingham County","Piedmont",90903,27.4718916142857,39.60722792,6.63502189285714,0.81939469,16.4734756342857,4.72113082857143,21.6147132385714,22.0923076942857,7.76219432905714,59.6010271428571,0.132320395514286,30,0.305714285714286,565.535125331429,26.2723212270143,28.8764838314286,0.0145202997,0.262146797628571,0.418642863171429,3.07657393645714,1465006547,18434917
80,"Rowan County","Piedmont",142707,30.6768598989247,38.5526012731183,7.31494850967742,2.32117202150538,13.2766684075269,5.10926186666667,19.1450697064516,22.8530465935484,9.03826717927957,64.9297289247312,0.203799306817204,30.3225806451613,0.36989247311828,5108.29754889355,49.5930737676667,26.5347608849462,0.134935648344086,0.304576666043011,0.457868998827957,2.68657312795699,1197079724,26550126
81,"Rutherford County","Mountains",61192,18.4435022716981,43.1405360509434,5.99387338679245,1.32447835849057,13.6591129132075,4.90696749245283,22.2534233490566,22.4208998509434,7.70319473762264,61.4598986792453,0.119321663886792,29.2452830188679,0.349056603773585,610.415149952264,19.5668632226415,26.3087851169811,0.0306524440566038,0.0718616252641509,0.298057598320755,1.75127120441509,1393994466,4633541
82,"Sampson County","Coastal Plain",58334,49.6881730666667,45.0366940104167,6.82303826458333,2.44709531041667,17.4455787395833,6.15835995833333,18.7398439604167,22.4807692520833,7.07700977741667,60.0896854166667,0.0918413516666667,21.0416666666667,0.3,312.844627941042,16.6936535322917,19.2930391458333,0.02561501975,0.2940634385625,0.0266163620625,1.5718393656875,2278745862,4867388
83,"Scotland County","Coastal Plain",34345,60.4138124518519,52.2209699222222,11.8075486481481,0.481130237037037,19.0907097925926,6.38249671481482,18.2987468592593,22.7844254481481,7.63329721977778,61.6099218518519,0.121344334925926,30,0.355555555555556,338.54106749963,46.2392246485185,21.3923578888889,0.0309126094444444,0.314047777296296,0.36272164837037,4.43519733896296,826569986,3842049
84,"Stanly County","Piedmont",62148,19.8482819914894,33.3682310212766,5.17012205106383,0.340070117021277,14.2121241680851,5.09057984042553,19.6275491212766,21.3027823276596,8.57703629840426,62.7998621276596,0.144794908255319,30,0.372340425531915,1558.77843004894,26.6880547011489,34.5506994021277,0.0323139032765957,0.282687744787234,0.0313959709574468,2.99314292548936,1023250043,25187035
85,"Stokes County","Piedmont",44588,10.095789596875,34.661248865625,4.86156211875,0.532045009375,14.20629985,4.0378545375,22.406807546875,20.778846153125,7.76566069515625,59.6429925,0.10030120078125,27.8125,0.3,1576.93216844375,11.7773648004063,14.5320905125,0.02456681696875,0.06784727746875,0.10468359540625,1.07049483378125,1163797562,17578802
86,"Surry County","Piedmont",66377,16.5969856775862,39.6613786362069,4.47449993103448,1.4300641137931,18.5374807603448,5.2830340137931,21.1355566344828,21.5649867344828,7.45334118475862,58.0744412068966,0.115419326310345,21.2068965517241,0.298275862068966,820.525987490862,21.8230534168621,23.3755546655172,0.0337979032068966,0.173932142655172,0.1568949395,1.99580781922414,1283877724,9848791
87,"Swain County","Mountains",14166,32.00411427,43.59455839,7.8432334,0.23651647,15.7492024,4.31034326,20.40656535,22.5128205,6.5858695754,58.366566,0.0591452205,20,0.25,19.681826811,6.5406026773,13.81817477,0.0302149506,0.0426218087,0.0255156249,1.4058615933,498618356,14980968
88,"Transylvania County","Mountains",32979,8.121444515625,34.83777064375,5.343097353125,0.88999336875,9.4163425125,4.007065034375,27.621047803125,18.689102540625,6.463885939875,60.6515846875,0.05932424515625,20,0.253125,57.73962672625,38.7619266199062,18.194241040625,0.03633744075,0.0428568760625,0.50027273725,1.3481298451875,979943598,5091023
89,"Tyrrell County","Coastal Plain",3436,42.926074475,42.118320975,3.466768525,0.19762845,24.112150725,4.1383003,24.170545925,17.7435897,5.840642466,55.31224,0.058078701,20,0.2,98.87556826,23.748998239,30.227708775,0.01199025275,0.02250136525,0.02873382625,0.896936004,1012106669,163883825
90,"Union County","Piedmont",201470,30.7582408711712,24.8320151036036,4.58141935135135,1.93812875495495,11.7541772468468,5.41811149189189,13.8529379468468,19.6941556981982,8.61091351840541,65.2531361261261,0.201688278396396,30,0.391891891891892,2326.01243257568,38.1482877587568,9.42394855135135,0.0477660352342342,0.304954721684685,0.323926791288288,1.48426599820721,1536774941,17138937
91,"Vance County","Piedmont",42650,64.5713476942857,48.3085338257143,8.92937549428571,0.351638777142857,17.7938454342857,6.39232612,18.7354772885714,23.9999999857143,7.90858071225714,59.0042488571429,0.137296195057143,30,0.3,1440.02961232057,54.5853200328,24.9292041542857,0.0533469712285714,0.281492065171429,0.224194636,7.0430512276,653701481,42190675
92,"Wake County","Piedmont",924781,37.1104446796,20.6157103558,4.281254286,2.3294215298,6.1791351878,5.6511228822,13.5352228044,17.6886153818,8.557356223582,61.69286346,0.223781735964,30.04,0.3764,798.50475566086,120.124187762194,7.9349297322,0.121994710418,0.175616942726,0.596903897978,3.975073241726,1778567032,38394749
93,"Warren County","Piedmont",17513,62.6994574857143,45.5239671428571,9.18193416428571,0.630937614285714,15.3161432142857,4.47838348571429,24.9992184428571,21.8827838714286,7.7326694325,57.6981607142857,0.0960767735,30,0.3,103.113640265,6.35970303178571,21.0152686,0.0235521800714286,0.0430697365714286,0.0417946796428571,0.382298806571429,1021683290,24189526
94,"Washington County","Coastal Plain",11183,54.2107669571429,48.1688093214286,7.52246992857143,0.610727564285714,16.7218426785714,1.74669727142857,29.5999867571429,21.1428571142857,6.25907624257143,57.9810471428571,0.0687928265714286,20,0.242857142857143,776.815937764286,17.3991725650714,23.1665126571429,0.0196968057857143,0.0192893783571429,0.0563054215714286,2.9976952235,897456201,91674590
95,"Watauga County","Mountains",29950,7.10977356190476,27.0467420238095,4.2197431952381,0.300994366666667,6.7390731952381,4.30541535714286,21.6808895428571,17.7728937809524,6.34898589571429,57.7865104761905,0.0585553887619048,20,0.2,239.510198535238,15.1833294071429,15.9276006666667,0.0254853554285714,0.0269651307619048,0.035956975047619,0.689248862571429,699866268,1918242
96,"Wayne County","Coastal Plain",110409,49.4147531350649,40.9358788,4.59768961688312,3.75178733766234,15.6664357818182,5.87713557922078,17.764471725974,21.8448218350649,7.34519797892208,60.9167954545455,0.116320464376623,22.987012987013,0.3,57.4149390302597,32.6336898488961,19.6433112181818,0.0132976400649351,0.158844311337662,0.133084421363636,4.97629373048052,1382223695,9410930
97,"Wilkes County","Mountains",61978,12.6994741269231,39.2766861326923,5.30742461346154,0.571659640384615,18.0134425826923,4.57564789807692,22.5569344615385,21.3609467423077,7.36260404630769,58.0105623076923,0.0875399289615385,22.8846153846154,0.286538461538462,271.574650739423,19.7496717769231,21.0310545826923,0.0363981096538462,0.314190601961538,0.198859848,2.31549480134615,1932245335,6854041
98,"Wilson County","Coastal Plain",77816,56.720333390625,44.26535628125,9.3867784421875,1.757996859375,19.76110398125,5.38102045,18.6036324296875,21.3958333328125,7.6330160359375,61.14945265625,0.154656114921875,25.625,0.3,305.793593021719,75.1133561124219,23.5441892484375,0.01434323046875,0.68636682309375,0.369721949125,8.72093127340625,950356178,14332439
99,"Yadkin County","Piedmont",37198,15.1642461689655,34.1888465724138,4.40069332413793,1.62626696896552,14.113940462069,4.68845122758621,20.705663437931,21.9805481793103,8.18974947565517,59.9600848275862,0.119231975655172,24.1379310344828,0.3,722.189623435172,11.6999645921379,20.7009699448276,0.12687789037931,0.136351587034483,0.0658991747586207,1.22016811031034,867496112,7176192
100,"Yancey County","Mountains",18357,7.81550834,40.16296247,7.17601109,1.22227408,12.05785855,4.60414382,26.26004013,21.47692306,6.1415842603,58.54857,0.0509339379,20,0.2,1871.49778964,16.8879962698,19.2689432,0.029528908,0.0400606471,0.1714321141,0.6796266245,809610024,1524558
